{
  "bag": "/root/autodl-tmp/st_chargeroom_1222_2025-12-22-12-16-41.bag",
  "params": "/root/autodl-tmp/catkin_ws/src/LIO-SAM/config/params.yaml",
  "topics": {
    "imu": "/imu/data",
    "gps": "/fixposition/fpa/odomenu",
    "lidar": "/lidar_points"
  },
  "time_source": "bag",
  "gps_heading_source": "pos",
  "min_speed": 0.5,
  "sync_tol": 0.05,
  "lidar_forward_axis": "-X",
  "lidar_forward_ratios": {
    "+X": 0.0,
    "-X": 1.0,
    "+Y": 0.27571666666666667,
    "-Y": 0.34015
  },
  "target_offset_deg": 180.0,
  "delta_deg": -2.744254008608713,
  "delta_circular_std_deg": 22.768533554693008,
  "ext_rot_old_row_major": [
    0.654668,
    -0.755916,
    0.0,
    0.755916,
    0.654668,
    0.0,
    0.0,
    0.0,
    1.0
  ],
  "ext_rpy_old_row_major": [
    0.654668,
    -0.755916,
    0.0,
    0.755916,
    0.654668,
    0.0,
    0.0,
    0.0,
    1.0
  ],
  "ext_rot_new_row_major": [
    0.690109,
    -0.723705,
    0.0,
    0.723705,
    0.690109,
    0.0,
    0.0,
    0.0,
    1.0
  ],
  "ext_rpy_new_row_major": [
    0.690109,
    -0.723705,
    0.0,
    0.723705,
    0.690109,
    0.0,
    0.0,
    0.0,
    1.0
  ],
  "error_current": {
    "mean_deg": -2.6336176376088867,
    "std_deg": 27.546397986801907,
    "rmse_deg": 27.67200722586652,
    "median_abs_deg": 7.194504773189085,
    "p95_abs_deg": 48.11826802236848,
    "max_abs_deg": 179.53401768325472,
    "n": 383
  },
  "error_calibrated": {
    "mean_deg": 0.11063637099982117,
    "std_deg": 27.546397986801907,
    "rmse_deg": 27.546620163894378,
    "median_abs_deg": 7.158349178700456,
    "p95_abs_deg": 45.374014013759755,
    "max_abs_deg": 178.22595314379106,
    "n": 383
  }
}